{
  "JAVA" : {
    "transaction" : "JAVA",
    "sampleCount" : 6000,
    "errorCount" : 0,
    "errorPct" : 0.0,
    "meanResTime" : 173.0363333333331,
    "medianResTime" : 6.0,
    "minResTime" : 2.0,
    "maxResTime" : 2307.0,
    "pct1ResTime" : 260.0,
    "pct2ResTime" : 1874.0,
    "pct3ResTime" : 2162.0,
    "throughput" : 23.84832465519297,
    "receivedKBytesPerSec" : 475.4052274409754,
    "sentKBytesPerSec" : 5.198360303469931
  },
  "Total" : {
    "transaction" : "Total",
    "sampleCount" : 18000,
    "errorCount" : 0,
    "errorPct" : 0.0,
    "meanResTime" : 1127.4416666666582,
    "medianResTime" : 11.0,
    "minResTime" : 2.0,
    "maxResTime" : 12251.0,
    "pct1ResTime" : 3792.399999999998,
    "pct2ResTime" : 6086.850000000002,
    "pct3ResTime" : 11701.980000000003,
    "throughput" : 71.53047396886835,
    "receivedKBytesPerSec" : 1841.980490063225,
    "sentKBytesPerSec" : 15.593860648701922
  },
  "GO" : {
    "transaction" : "GO",
    "sampleCount" : 6000,
    "errorCount" : 0,
    "errorPct" : 0.0,
    "meanResTime" : 10.712833333333347,
    "medianResTime" : 6.0,
    "minResTime" : 2.0,
    "maxResTime" : 317.0,
    "pct1ResTime" : 22.0,
    "pct2ResTime" : 32.0,
    "pct3ResTime" : 95.98999999999978,
    "throughput" : 24.17717030398762,
    "receivedKBytesPerSec" : 488.9900220062619,
    "sentKBytesPerSec" : 5.2523328450888105
  },
  "PYTHON" : {
    "transaction" : "PYTHON",
    "sampleCount" : 6000,
    "errorCount" : 0,
    "errorPct" : 0.0,
    "meanResTime" : 3198.5758333333383,
    "medianResTime" : 1944.5,
    "minResTime" : 27.0,
    "maxResTime" : 12251.0,
    "pct1ResTime" : 6854.800000000001,
    "pct2ResTime" : 11511.9,
    "pct3ResTime" : 11942.98,
    "throughput" : 23.843775582384218,
    "receivedKBytesPerSec" : 884.4408855056669,
    "sentKBytesPerSec" : 5.21677282942163
  }
}